Month,Revenue,COGS,OpEx,Salaries,Rent,Marketing
Jan 2024,50000,15000,8000,20000,3000,2000
Feb 2024,52000,16000,8500,20000,3000,2500
Mar 2024,48000,14500,8000,20000,3000,2000
Apr 2024,55000,16500,9000,20000,3000,3000
May 2024,58000,17000,9500,20000,3000,3500
Jun 2024,60000,18000,10000,20000,3000,4000
Jul 2024,62000,18500,10500,20000,3000,4500
Aug 2024,64000,19000,11000,20000,3000,5000
Sep 2024,66000,20000,11500,20000,3000,5500
Oct 2024,68000,20500,12000,20000,3000,6000
Nov 2024,70000,21000,12500,20000,3000,6500
Dec 2024,72000,21500,13000,20000,3000,7000
